,query_pocket,best_match_pocket,max_rmscore
0,9lku_X,3fo4_A,0.8068299889564514
1,9lkw_X,3fo4_A,0.8224800229072571
2,9lkc_A,3rkf_C,0.794439971446991
3,9lkf_A,3rkf_C,0.7991899847984314
4,9v4x_A,3rkf_C,0.8043149709701538
5,9v4y_A,3rkf_C,0.8137900233268738
6,9hro_A,8d2b_B,0.5348650217056274
7,9iwf_A,3rkf_B,0.7805650234222412
8,9i9w_AAA,5dhb_A,0.6256150007247925
9,8znq_A,8d5l_A,0.6131349802017212
10,9v4u_A,3rkf_C,0.8221250176429749
11,9ljn_A,3rkf_C,0.8123400211334229
12,9v50_A,3rkf_C,0.8036149740219116
13,9lke_A,3rkf_C,0.8324199914932251
14,9iwg_A,3rkf_D,0.7986800074577332
15,9ec4_A,8uta_R,0.5573499798774719
16,9ebp_A,8uiw_N,0.5568349957466125
17,9lkv_X,4lx6_A,0.765470027923584
18,8k7w_A,2kx8_A,0.5743399858474731
19,8t5o_A,3egz_B,0.6118350028991699
20,9mqs_A,6uej_B,0.505204975605011
21,9mqt_A,5dhb_A,0.49999499320983887
22,8zau_A,5hbw_A,0.5176550149917603
23,8ked_A,3rkf_A,0.7804049849510193
24,8khh_A,4lx6_A,0.8178300261497498
25,8keb_A,3rkf_A,0.7851150035858154
26,9fn2_A,6u89_A,0.5183050036430359
27,9ios_A,8i44_A,0.6537799835205078
28,9io1_A,8i45_A,0.6023600101470947
29,9ior_A,8i44_A,0.7252600193023682
30,9iou_A,8i44_A,0.5930500030517578
31,9io0_A,8i44_A,0.7376599907875061
32,8z8q_A,4lx5_A,0.7805950045585632
33,8syk_A,3egz_B,0.6236500144004822
